年,地点,観測所番号,種別,日付,日,曜日,現地気圧(hPa),海面気圧(hPa),降水量合計(mm),最大1時間降水量(mm),最大10分間降水量(mm),平均気温(℃),最高気温(℃),最低気温(℃),平均湿度(%),最小湿度(%),平均風速(m/s),最大風速(m/s),最大風速の風向,最大瞬間風速(m/s),最大瞬間風速の風向,最多風向,日照時間(h),降雪合計(cm),最深積雪(cm),天気概況(昼),天気概況(夜),flags
2026,サガ,47813,官署,2026-07-01,1,水,1004.8,1008.6,103.0,18.5,7.0,24.4,26.6,22.5,96.0,89.0,3.7,10.3,南,15.7,南,,0.0,0.0,0.0,大雨,大雨後一時曇、雷を伴う,
2026,サガ,47813,官署,2026-07-02,2,木,1006.2,1010.0,46.5,38.0,16.5,24.9,28.1,22.2,84.0,70.0,2.1,5.7,北西,8.0,北,,0.3,0.0,0.0,曇一時雨,曇時々晴,
2026,サガ,47813,官署,2026-07-03,3,金,1009.0,1012.8,0.0,0.0,0.0,24.6,28.9,21.2,80.0,62.0,2.4,6.7,南,9.5,南,,4.0,0.0,0.0,曇一時晴後一時雨,雨時々曇,
2026,サガ,47813,官署,2026-07-04,4,土,1005.6,1009.4,53.5,15.0,6.5,25.9,30.5,22.3,88.0,69.0,3.1,7.2,北北西,13.3,北西,,0.5,0.0,0.0,大雨時々曇、雷を伴う,曇時々晴後雨,
2026,サガ,47813,官署,2026-07-05,5,日,1005.2,1009.0,108.0,51.0,16.0,25.0,27.4,23.3,95.0,82.0,2.9,6.6,南,12.3,北,,0.1,0.0,0.0,大雨時々曇、雷を伴う,大雨時々曇,
2026,サガ,47813,官署,2026-07-06,6,月,1005.1,1008.9,23.0,14.5,8.0,26.2,28.7,24.1,90.0,77.0,2.7,9.4,西南西,11.9,西南西,,0.7,0.0,0.0,曇時々雨、雷を伴う,曇時々晴,
2026,サガ,47813,官署,2026-07-07,7,火,1006.3,1010.1,0.0,0.0,0.0,28.1,32.3,25.2,84.0,63.0,2.1,5.7,南南西,7.6,南南西,,6.0,0.0,0.0,曇一時雨後時々晴,曇時々晴,
2026,サガ,47813,官署,2026-07-08,8,水,1007.1,1010.8,0.0,0.0,0.0,29.7,34.7,25.8,73.0,51.0,3.5,8.0,南,10.2,南,,11.2,0.0,0.0,晴一時曇,晴時々曇,
2026,サガ,47813,官署,2026-07-09,9,木,1007.9,1011.6,0.0,0.0,0.0,30.1,34.4,26.5,67.0,49.0,2.7,5.4,南,8.2,南,,12.9,0.0,0.0,晴,晴時々曇,
2026,サガ,47813,官署,2026-07-10,10,金,1008.4,1012.1,0.0,0.0,0.0,31.0,36.3,25.9,63.0,45.0,2.7,5.2,南,7.6,南,,13.5,0.0,0.0,晴,曇一時晴,
2026,サガ,47813,官署,2026-07-11,11,土,1008.3,1012.0,0.0,0.0,0.0,31.9,37.0,26.7,62.0,44.0,3.4,6.3,南,8.8,南南西,,13.4,0.0,0.0,晴,晴,
2026,サガ,47813,官署,2026-07-12,12,日,1009.1,1012.8,0.0,0.0,0.0,31.6,36.4,27.3,64.0,48.0,3.4,7.7,南,11.2,南,,12.0,0.0,0.0,晴一時曇,曇時々晴,
2026,サガ,47813,官署,2026-07-13,13,月,1008.6,1012.3,0.0,0.0,0.0,30.7,35.2,27.2,71.0,54.0,3.5,7.9,南,10.3,南,,12.0,0.0,0.0,晴時々曇,晴,
2026,サガ,47813,官署,2026-07-14,14,火,1006.6,1010.3,0.0,0.0,0.0,30.0,33.5,27.4,73.0,57.0,4.9,9.8,南,12.5,南,,9.0,0.0,0.0,晴一時曇,曇時々晴後雨,
2026,サガ,47813,官署,2026-07-15,15,水,1002.3,1006.0,1.5,1.0,0.5,29.0,31.8,26.6,82.0,67.0,4.8,8.5,南西,13.0,南西,,0.2,0.0,0.0,曇時々雨,曇時々雨,
2026,サガ,47813,官署,2026-07-16,16,木,1000.4,1004.1,0.0,0.0,0.0,29.5,32.5,27.6,82.0,68.0,3.4,6.6,西南西,8.3,西,,3.7,0.0,0.0,曇一時雨,曇後一時雨,
2026,サガ,47813,官署,2026-07-17,17,金,999.9,1003.6,0.0,0.0,0.0,29.4,32.7,27.7,83.0,70.0,3.4,7.0,南,8.8,南,,1.3,0.0,0.0,曇後一時晴、雷を伴う,曇時々晴,
2026,サガ,47813,官署,2026-07-18,18,土,999.8,1003.4,0.0,0.0,0.0,30.2,34.2,27.6,77.0,57.0,4.2,7.5,南,11.1,南,,6.9,0.0,0.0,曇時々晴,晴後一時曇,
2026,サガ,47813,官署,2026-07-19,19,日,1002.1,1005.8,0.5,0.5,0.5,30.6,35.3,27.3,76.0,53.0,4.0,8.8,南,10.2,南,,7.9,0.0,0.0,曇一時雨後晴,晴後曇一時雨,
2026,サガ,47813,官署,2026-07-20,20,月,1004.7,1008.4,0.0,0.0,0.0,30.9,35.5,28.1,71.0,56.0,3.4,6.3,北北西,8.8,北,,7.6,0.0,0.0,曇時々晴,晴後時々曇,
2026,サガ,47813,官署,2026-07-21,21,火,1005.9,1009.6,0.0,0.0,0.0,31.0,35.8,27.6,67.0,51.0,2.7,5.6,南南東,8.3,南南東,,9.6,0.0,0.0,晴一時曇,晴,
2026,サガ,47813,官署,2026-07-22,22,水,1006.3,1010.0,0.0,0.0,0.0,31.1,36.8,26.1,66.0,41.0,2.3,5.9,西,7.5,南西,,10.7,0.0,0.0,晴,晴,
2026,サガ,47813,官署,2026-07-23,23,木,1006.4,1010.1,0.0,0.0,0.0,31.1,36.1,26.3,65.0,50.0,2.7,6.0,南南西,9.1,南西,,13.0,0.0,0.0,晴,晴,
2026,サガ,47813,官署,2026-07-24,24,金,1007.9,1011.5,0.0,0.0,0.0,31.1,37.2,26.0,63.0,45.0,2.5,6.9,北北西,8.9,西北西,,11.4,0.0,0.0,晴,晴,
2026,サガ,47813,官署,2026-07-25,25,土,1008.1,1011.7,0.0,0.0,0.0,31.3,37.3,27.0,64.0,46.0,2.5,6.2,西,8.3,西南西,,10.2,0.0,0.0,晴後時々曇,晴時々曇,
2026,サガ,47813,官署,2026-07-26,26,日,1006.9,1010.6,0.0,0.0,0.0,31.2,36.9,26.3,67.0,47.0,2.3,5.0,西,7.7,西南西,,9.8,0.0,0.0,晴後一時曇,晴,
2026,サガ,47813,官署,2026-07-27,27,月,1008.5,1012.1,0.0,0.0,0.0,32.3,38.8,27.4,63.0,45.0,2.4,5.8,南南西,8.6,南南西,,13.4,0.0,0.0,晴,晴後時々曇,
2026,サガ,47813,官署,2026-07-28,28,火,1010.0,1013.7,0.0,0.0,0.0,31.5,36.8,27.0,63.0,42.0,3.3,7.9,西,10.1,西,,13.1,0.0,0.0,晴、雷を伴う,晴後時々曇,
2026,サガ,47813,官署,2026-07-29,29,水,1007.5,1011.2,0.0,0.0,0.0,31.2,37.0,27.5,67.0,45.0,3.3,6.9,西,9.1,西,,5.1,0.0,0.0,曇後一時雨一時晴,晴時々曇,
2026,サガ,47813,官署,2026-07-30,30,木,1005.8,1009.5,0.0,0.0,0.0,30.5,36.2,26.9,68.0,47.0,3.3,6.8,西,10.1,西北西,,8.2,0.0,0.0,曇後晴,晴一時曇,
2026,サガ,47813,官署,2026-07-31,31,金,1004.5,1008.1,0.0,0.0,0.0,30.2,35.3,25.6,69.0,50.0,3.1,6.8,南,9.2,南,,9.4,0.0,0.0,晴一時曇,晴時々曇,
2026,イマリ,1075,アメダス,2026-07-01,1,水,,,163.5,43.0,15.0,24.0,26.3,22.1,,,94.0,88.0,3.1,9.1,南西,21.4,,,0.0,,,
2026,イマリ,1075,アメダス,2026-07-02,2,木,,,20.5,33.0,5.5,22.7,26.3,20.6,,,90.0,74.0,1.9,4.6,西北西,6.3,,,0.6,,,
2026,イマリ,1075,アメダス,2026-07-03,3,金,,,0.5,0.5,0.5,23.3,28.9,19.3,,,85.0,65.0,1.3,4.4,南西,7.4,,,3.1,,,
2026,イマリ,1075,アメダス,2026-07-04,4,土,,,58.0,34.0,14.5,25.8,30.0,21.7,,,86.0,70.0,3.0,8.3,南南西,17.6,,,0.3,,,
2026,イマリ,1075,アメダス,2026-07-05,5,日,,,45.5,35.5,12.5,25.2,28.1,23.0,,,92.0,77.0,1.8,6.7,北西,11.8,,,0.0,,,
2026,イマリ,1075,アメダス,2026-07-06,6,月,,,16.0,10.0,3.0,26.0,28.6,24.5,,,88.0,73.0,1.8,7.1,南西,14.1,,,0.0,,,
2026,イマリ,1075,アメダス,2026-07-07,7,火,,,0.0,0.0,0.0,28.1,32.6,24.5,,,81.0,69.0,2.2,3.8,東南東,7.2,,,5.7,,,
2026,イマリ,1075,アメダス,2026-07-08,8,水,,,0.0,0.0,0.0,28.6,32.9,25.6,,,76.0,61.0,2.4,5.9,西南西,10.8,,,9.8,,,
2026,イマリ,1075,アメダス,2026-07-09,9,木,,,0.0,0.0,0.0,28.4,33.9,24.6,,,74.0,46.0,2.1,5.4,西北西,7.9,,,11.6,,,
2026,イマリ,1075,アメダス,2026-07-10,10,金,,,0.0,0.0,0.0,28.5,35.3,23.7,,,73.0,50.0,2.2,5.8,西北西,9.0,,,11.7,,,precip_max_1h=);temp_max=);temp_min=);wind_max=)
2026,イマリ,1075,アメダス,2026-07-11,11,土,,,0.0,0.0,0.0,29.8,36.2,23.9,,,70.0,46.0,1.9,4.7,南東,8.1,,,11.1,,,
2026,イマリ,1075,アメダス,2026-07-12,12,日,,,0.0,0.0,0.0,30.2,35.3,25.9,,,69.0,52.0,2.3,6.3,南南西,10.5,,,11.7,,,
2026,イマリ,1075,アメダス,2026-07-13,13,月,,,0.0,0.0,0.0,29.7,34.9,26.5,,,73.0,57.0,2.4,5.8,南南西,10.3,,,9.9,,,
2026,イマリ,1075,アメダス,2026-07-14,14,火,,,0.0,0.0,0.0,29.5,33.7,27.0,,,74.0,59.0,2.4,4.2,南南西,10.3,,,9.5,,,
2026,イマリ,1075,アメダス,2026-07-15,15,水,,,0.0,0.0,0.0,28.3,29.5,26.8,,,82.0,75.0,2.3,5.6,南西,11.5,,,0.5,,,
2026,イマリ,1075,アメダス,2026-07-16,16,木,,,0.0,0.0,0.0,28.6,32.1,27.0,,,83.0,71.0,1.8,3.7,西南西,7.4,,,0.4,,,
2026,イマリ,1075,アメダス,2026-07-17,17,金,,,0.0,0.0,0.0,29.3,34.2,26.7,,,79.0,63.0,1.9,4.0,南南西,7.4,,,4.0,,,
2026,イマリ,1075,アメダス,2026-07-18,18,土,,,0.0,0.0,0.0,29.7,34.0,27.4,,,75.0,61.0,2.4,5.7,南南西,9.4,,,6.8,,,
2026,イマリ,1075,アメダス,2026-07-19,19,日,,,0.0,0.0,0.0,30.4,34.6,27.3,,,74.0,60.0,2.1,4.6,南西,10.5,,,10.8,,,
2026,イマリ,1075,アメダス,2026-07-20,20,月,,,0.0,0.0,0.0,30.0,35.5,26.1,,,73.0,52.0,2.4,5.3,北北西,9.1,,,7.9,,,
2026,イマリ,1075,アメダス,2026-07-21,21,火,,,0.0,0.0,0.0,29.8,35.3,25.1,,,73.0,51.0,1.6,5.4,西南西,9.1,,,11.7,,,
2026,イマリ,1075,アメダス,2026-07-22,22,水,,,0.0,0.0,0.0,29.1,34.1,24.9,,,74.0,53.0,1.9,5.0,西北西,8.0,,,11.4,,,
2026,イマリ,1075,アメダス,2026-07-23,23,木,,,0.0,0.0,0.0,29.5,35.5,24.4,,,72.0,49.0,2.0,5.0,西北西,8.7,,,12.8,,,
2026,イマリ,1075,アメダス,2026-07-24,24,金,,,0.0,0.0,0.0,28.9,35.2,23.9,,,76.0,53.0,2.1,5.7,西北西,9.0,,,11.9,,,
2026,イマリ,1075,アメダス,2026-07-25,25,土,,,0.0,0.0,0.0,29.0,33.3,24.5,,,77.0,57.0,2.3,5.3,西北西,8.7,,,10.5,,,
2026,イマリ,1075,アメダス,2026-07-26,26,日,,,0.0,0.0,0.0,29.3,33.9,24.4,,,77.0,50.0,2.3,5.5,北北西,9.0,,,12.7,,,
2026,イマリ,1075,アメダス,2026-07-27,27,月,,,0.0,0.0,0.0,29.9,34.4,26.1,,,76.0,47.0,2.3,6.0,西北西,8.9,,,13.0,,,
2026,イマリ,1075,アメダス,2026-07-28,28,火,,,0.0,0.0,0.0,29.3,34.5,24.4,,,75.0,56.0,2.0,5.8,北北西,9.6,,,11.9,,,
2026,イマリ,1075,アメダス,2026-07-29,29,水,,,0.0,0.0,0.0,29.2,34.2,25.4,,,73.0,49.0,2.4,7.0,西,11.2,,,5.6,,,
2026,イマリ,1075,アメダス,2026-07-30,30,木,,,0.0,0.0,0.0,28.7,33.6,24.9,,,73.0,46.0,2.5,6.7,西,11.4,,,9.1,,,
2026,イマリ,1075,アメダス,2026-07-31,31,金,,,0.0,0.0,0.0,28.9,34.9,24.4,,,75.0,50.0,1.9,4.6,北北西,7.8,,,10.8,,,
2026,ウレシノ,0830,アメダス,2026-07-01,1,水,,,107.0,25.0,13.5,24.0,25.9,21.6,,,95.0,88.0,2.6,6.1,南南東,16.0,,,0.0,,,
2026,ウレシノ,0830,アメダス,2026-07-02,2,木,,,83.5,67.0,14.5,23.3,28.4,20.3,,,89.0,72.0,1.9,3.7,北北西,11.0,,,1.1,,,
2026,ウレシノ,0830,アメダス,2026-07-03,3,金,,,2.0,1.5,0.5,22.8,28.5,19.9,,,89.0,66.0,1.2,3.0,南南東,6.2,,,2.8,,,
2026,ウレシノ,0830,アメダス,2026-07-04,4,土,,,23.0,10.5,8.5,25.3,29.0,21.2,,,90.0,76.0,2.0,4.7,南西,12.6,,,1.1,,,
2026,ウレシノ,0830,アメダス,2026-07-05,5,日,,,101.5,41.0,24.5,24.8,27.8,23.0,,,95.0,84.0,1.2,6.3,北北西,10.6,,,0.0,,,
2026,ウレシノ,0830,アメダス,2026-07-06,6,月,,,12.0,6.0,2.5,25.7,29.4,24.0,,,90.0,75.0,1.8,4.1,南西,10.7,,,1.1,,,
2026,ウレシノ,0830,アメダス,2026-07-07,7,火,,,0.0,0.0,0.0,26.6,31.4,23.1,,,88.0,71.0,1.4,3.5,南南西,7.9,,,5.1,,,
2026,ウレシノ,0830,アメダス,2026-07-08,8,水,,,0.0,0.0,0.0,27.3,32.7,22.8,,,80.0,60.0,1.8,4.5,南南東,9.8,,,8.9,,,
2026,ウレシノ,0830,アメダス,2026-07-09,9,木,,,0.0,0.0,0.0,28.0,34.4,23.3,,,76.0,46.0,1.2,3.0,南南西,6.9,,,10.4,,,
2026,ウレシノ,0830,アメダス,2026-07-10,10,金,,,0.0,0.0,0.0,28.2,35.5,22.3,,,75.0,49.0,1.4,3.9,北北西,5.8,,,11.3,,,
2026,ウレシノ,0830,アメダス,2026-07-11,11,土,,,0.0,0.0,0.0,29.5,36.4,23.2,,,71.0,47.0,1.4,4.2,東南東,7.6,,,10.4,,,
2026,ウレシノ,0830,アメダス,2026-07-12,12,日,,,0.0,0.0,0.0,29.6,35.6,23.8,,,71.0,50.0,2.1,5.7,南南東,11.5,,,12.9,,,
2026,ウレシノ,0830,アメダス,2026-07-13,13,月,,,0.0,0.0,0.0,28.9,34.1,25.0,,,76.0,55.0,1.7,4.1,南南東,8.3,,,9.4,,,
2026,ウレシノ,0830,アメダス,2026-07-14,14,火,,,0.0,0.0,0.0,28.9,33.7,25.7,,,74.0,55.0,2.3,3.9,南南東,9.4,,,10.3,,,
2026,ウレシノ,0830,アメダス,2026-07-15,15,水,,,1.5,0.5,0.5,27.4,28.9,26.5,,,87.0,80.0,2.4,4.0,南,10.3,,,0.2,,,
2026,ウレシノ,0830,アメダス,2026-07-16,16,木,,,0.5,0.5,0.5,27.4,29.7,26.3,,,88.0,79.0,1.8,3.7,南南東,8.1,,,0.0,,,
2026,ウレシノ,0830,アメダス,2026-07-17,17,金,,,0.0,0.0,0.0,28.4,32.3,26.4,,,84.0,66.0,1.5,3.4,南南東,6.6,,,1.7,,,
2026,ウレシノ,0830,アメダス,2026-07-18,18,土,,,0.0,0.0,0.0,28.7,33.5,25.4,,,80.0,61.0,1.7,3.7,南南西,8.6,,,8.5,,,
2026,ウレシノ,0830,アメダス,2026-07-19,19,日,,,0.0,0.0,0.0,29.2,34.2,25.8,,,79.0,64.0,1.8,4.2,南南東,8.4,,,11.5,,,
2026,ウレシノ,0830,アメダス,2026-07-20,20,月,,,0.0,0.0,0.0,29.5,35.0,26.1,,,76.0,55.0,1.6,3.9,北北西,7.4,,,10.2,,,
2026,ウレシノ,0830,アメダス,2026-07-21,21,火,,,0.0,0.0,0.0,29.1,34.7,24.4,,,75.0,51.0,1.7,4.6,南南東,8.9,,,11.8,,,
2026,ウレシノ,0830,アメダス,2026-07-22,22,水,,,0.0,0.0,0.0,29.2,36.4,24.3,,,73.0,48.0,1.3,3.9,北北西,6.4,,,11.2,,,
2026,ウレシノ,0830,アメダス,2026-07-23,23,木,,,0.0,0.0,0.0,28.8,34.9,23.2,,,73.0,52.0,1.5,4.1,南南東,8.7,,,13.0,,,
2026,ウレシノ,0830,アメダス,2026-07-24,24,金,,,0.0,0.0,0.0,29.0,36.0,23.1,,,73.0,45.0,1.6,3.9,北北西,6.7,,,12.4,,,
2026,ウレシノ,0830,アメダス,2026-07-25,25,土,,,0.0,0.0,0.0,29.2,35.2,24.3,,,78.0,54.0,1.4,3.9,北西,7.2,,,9.5,,,
2026,ウレシノ,0830,アメダス,2026-07-26,26,日,,,0.0,0.0,0.0,29.3,36.3,24.1,,,75.0,43.0,1.6,4.7,北北西,7.5,,,12.6,,,
2026,ウレシノ,0830,アメダス,2026-07-27,27,月,,,0.0,0.0,0.0,29.8,37.4,24.5,,,75.0,44.0,1.7,4.3,北北西,7.5,,,12.7,,,
2026,ウレシノ,0830,アメダス,2026-07-28,28,火,,,0.0,0.0,0.0,29.5,36.3,23.7,,,73.0,44.0,1.5,4.1,西北西,7.2,,,11.9,,,
2026,ウレシノ,0830,アメダス,2026-07-29,29,水,,,0.0,0.0,0.0,29.6,35.0,26.7,,,74.0,52.0,1.9,4.9,西北西,9.1,,,8.2,,,
2026,ウレシノ,0830,アメダス,2026-07-30,30,木,,,0.0,0.0,0.0,29.0,34.0,25.3,,,74.0,53.0,1.8,4.3,北西,8.5,,,10.0,,,
2026,ウレシノ,0830,アメダス,2026-07-31,31,金,,,0.0,0.0,0.0,28.8,35.1,23.2,,,75.0,49.0,1.5,4.0,北西,6.5,,,11.8,,,
2025,サガ,47813,官署,2025-07-01,1,火,1010.3,1014.0,0.0,0.0,0.0,30.8,35.3,27.3,69.0,51.0,2.3,5.1,南南西,7.4,南,,10.7,0.0,0.0,晴,晴一時曇,
2025,サガ,47813,官署,2025-07-02,2,水,1009.8,1013.5,0.0,0.0,0.0,30.8,35.9,26.5,69.0,52.0,2.1,5.4,西,6.9,南南東,,11.7,0.0,0.0,晴,晴,
2025,サガ,47813,官署,2025-07-03,3,木,1007.9,1011.6,0.0,0.0,0.0,31.1,36.0,26.8,67.0,50.0,2.4,5.0,西,7.5,南西,,11.2,0.0,0.0,晴,晴,
2025,サガ,47813,官署,2025-07-04,4,金,1006.0,1009.7,0.0,0.0,0.0,30.5,35.2,26.9,70.0,53.0,3.1,6.4,南南西,9.8,南南西,,10.6,0.0,0.0,晴時々曇,晴後時々曇,
2025,サガ,47813,官署,2025-07-05,5,土,1004.3,1008.0,0.0,0.0,0.0,30.3,34.4,26.4,69.0,48.0,3.5,7.2,南,10.1,南,,11.8,0.0,0.0,晴時々曇,晴後一時曇,
2025,サガ,47813,官署,2025-07-06,6,日,1003.1,1006.8,0.0,0.0,0.0,30.3,34.5,26.6,69.0,53.0,3.8,7.0,南南西,10.2,南,,11.0,0.0,0.0,晴時々曇,晴時々曇,
2025,サガ,47813,官署,2025-07-07,7,月,1002.2,1005.9,0.0,0.0,0.0,30.2,35.9,25.6,71.0,53.0,2.1,6.5,西,8.3,西,,8.3,0.0,0.0,晴時々曇,晴,
2025,サガ,47813,官署,2025-07-08,8,火,1002.7,1006.4,5.0,5.0,2.5,30.0,37.3,26.7,75.0,42.0,2.2,7.5,東北東,9.0,東南東,,7.9,0.0,0.0,晴後雨時々曇、雷を伴う,曇一時雨後晴、雷を伴う,
2025,サガ,47813,官署,2025-07-09,9,水,1004.1,1007.8,0.5,0.5,0.5,29.2,36.3,26.4,76.0,44.0,2.3,7.0,北北東,10.0,北,,6.5,0.0,0.0,晴後雨時々曇、雷を伴う,晴時々曇、雷を伴う,
2025,サガ,47813,官署,2025-07-10,10,木,1004.1,1007.8,0.5,0.5,0.5,30.8,36.0,26.3,64.0,42.0,4.8,8.9,北東,13.5,南東,,9.9,0.0,0.0,晴後曇一時雨,曇時々雨一時晴、雷を伴う,
2025,サガ,47813,官署,2025-07-11,11,金,1004.8,1008.4,0.0,0.0,0.0,30.6,35.5,28.0,69.0,49.0,4.5,10.1,南東,13.9,南,,5.4,0.0,0.0,曇一時晴後一時雨、雷を伴う,曇一時雨,
2025,サガ,47813,官署,2025-07-12,12,土,1003.4,1007.1,3.5,2.0,1.0,29.7,36.2,26.5,74.0,47.0,4.1,9.1,東北東,12.1,東北東,,6.7,0.0,0.0,曇時々晴後雨、雷を伴う,曇一時雨,
2025,サガ,47813,官署,2025-07-13,13,日,997.7,1001.4,0.0,0.0,0.0,29.5,34.2,25.5,75.0,54.0,3.2,8.3,南,10.9,南,,7.2,0.0,0.0,晴後曇一時雨、雷を伴う,曇時々雨,
2025,サガ,47813,官署,2025-07-14,14,月,990.5,994.2,5.0,3.0,1.0,27.2,29.5,24.9,76.0,58.0,3.7,9.8,北北西,13.5,北北西,,6.6,0.0,0.0,雨後曇時々晴、雷を伴う,晴一時曇,
2025,サガ,47813,官署,2025-07-15,15,火,995.8,999.5,2.0,2.0,1.5,27.5,31.4,25.1,73.0,46.0,4.2,8.6,南南西,14.0,南,,5.0,0.0,0.0,晴後曇一時雨,晴一時雨後曇,
2025,サガ,47813,官署,2025-07-16,16,水,1003.0,1006.7,0.0,0.0,0.0,28.5,33.7,24.7,69.0,45.0,3.8,9.2,南,12.3,南南西,,7.7,0.0,0.0,曇時々晴一時雨,晴時々曇,
2025,サガ,47813,官署,2025-07-17,17,木,1005.0,1008.6,2.5,2.5,2.5,30.4,35.9,26.1,69.0,38.0,3.5,8.5,南,12.5,南,,9.4,0.0,0.0,晴時々曇,雨時々曇、雷を伴う,
2025,サガ,47813,官署,2025-07-18,18,金,1007.1,1010.8,20.5,4.0,3.0,26.1,27.9,25.3,93.0,81.0,2.5,9.0,南南東,15.7,南南東,,0.0,0.0,0.0,雨時々曇、雷を伴う,曇時々雨,
2025,サガ,47813,官署,2025-07-19,19,土,1008.8,1012.6,3.5,3.5,2.0,28.2,34.6,24.5,80.0,51.0,2.5,10.3,北東,14.0,北東,,5.2,0.0,0.0,曇一時晴後一時雨、雷を伴う,曇時々雨一時晴、雷を伴う,
2025,サガ,47813,官署,2025-07-20,20,日,1010.0,1013.7,0.0,0.0,0.0,30.2,36.1,24.9,69.0,47.0,2.8,6.3,南,9.2,南,,8.9,0.0,0.0,晴時々曇,曇一時雨後晴,
2025,サガ,47813,官署,2025-07-21,21,月,1011.6,1015.3,0.0,0.0,0.0,30.7,35.9,26.4,65.0,43.0,2.7,5.7,北北西,8.7,北,,11.1,0.0,0.0,晴後一時曇,晴一時曇,
2025,サガ,47813,官署,2025-07-22,22,火,1010.5,1014.2,0.0,0.0,0.0,30.7,36.5,26.3,68.0,43.0,2.2,5.5,北北西,7.4,北北西,,8.7,0.0,0.0,晴,晴,
2025,サガ,47813,官署,2025-07-23,23,水,1008.6,1012.3,0.0,0.0,0.0,31.3,37.1,26.4,62.0,37.0,2.3,5.3,東南東,8.1,東,,12.6,0.0,0.0,晴,晴,
2025,サガ,47813,官署,2025-07-24,24,木,1006.4,1010.1,0.0,0.0,0.0,31.4,37.1,26.1,60.0,46.0,3.1,8.0,南東,10.4,南東,,10.9,0.0,0.0,晴後一時雨,晴,
2025,サガ,47813,官署,2025-07-25,25,金,1004.5,1008.2,0.0,0.0,0.0,31.4,37.5,27.0,60.0,41.0,5.7,9.6,東北東,12.2,東北東,,10.5,0.0,0.0,晴,晴,
2025,サガ,47813,官署,2025-07-26,26,土,1002.8,1006.5,0.0,0.0,0.0,31.2,36.8,27.8,62.0,40.0,7.1,12.5,東,16.0,東,,9.0,0.0,0.0,晴時々曇一時雨,晴,
2025,サガ,47813,官署,2025-07-27,27,日,1001.2,1004.9,0.0,0.0,0.0,31.5,37.5,27.7,59.0,39.0,6.9,10.8,南東,14.9,南東,,12.2,0.0,0.0,晴,晴,
2025,サガ,47813,官署,2025-07-28,28,月,999.3,1003.0,0.0,0.0,0.0,31.4,37.9,25.9,55.0,36.0,3.4,5.9,東北東,8.8,南南東,,13.4,0.0,0.0,晴,晴,
2025,サガ,47813,官署,2025-07-29,29,火,997.3,1001.0,0.0,0.0,0.0,31.0,37.3,24.5,56.0,31.0,2.2,4.2,東北東,6.6,南西,,13.4,0.0,0.0,晴,晴,
2025,サガ,47813,官署,2025-07-30,30,水,997.4,1001.1,0.0,0.0,0.0,31.1,37.2,25.5,53.0,32.0,2.5,5.1,西南西,7.3,南西,,13.1,0.0,0.0,晴,晴,
2025,サガ,47813,官署,2025-07-31,31,木,998.7,1002.4,0.0,0.0,0.0,31.0,37.2,23.7,54.0,40.0,2.2,4.8,北北西,6.7,西,,12.3,0.0,0.0,晴時々曇,晴,
2025,イマリ,1075,アメダス,2025-07-01,1,火,,,0.0,0.0,0.0,28.8,35.1,24.6,,,77.0,51.0,1.8,4.8,北西,7.9,,,13.0,,,
2025,イマリ,1075,アメダス,2025-07-02,2,水,,,0.0,0.0,0.0,28.0,33.5,24.1,,,80.0,61.0,2.0,5.8,北西,9.4,,,13.4,,,
2025,イマリ,1075,アメダス,2025-07-03,3,木,,,0.0,0.0,0.0,28.2,32.4,23.8,,,79.0,63.0,2.0,5.0,西北西,7.9,,,12.2,,,
2025,イマリ,1075,アメダス,2025-07-04,4,金,,,0.0,0.0,0.0,29.0,34.5,24.6,,,76.0,52.0,1.7,4.6,南南西,7.1,,,10.4,,,
2025,イマリ,1075,アメダス,2025-07-05,5,土,,,0.0,0.0,0.0,29.1,35.3,24.9,,,73.0,44.0,2.0,4.7,西,7.9,,,9.8,,,
2025,イマリ,1075,アメダス,2025-07-06,6,日,,,0.0,0.0,0.0,29.0,32.7,25.7,,,72.0,57.0,2.2,5.4,北北西,8.9,,,9.8,,,
2025,イマリ,1075,アメダス,2025-07-07,7,月,,,0.0,0.0,0.0,28.2,32.6,24.5,,,78.0,59.0,2.5,5.7,北,9.3,,,11.8,,,
2025,イマリ,1075,アメダス,2025-07-08,8,火,,,0.5,0.5,0.5,28.2,33.2,25.0,,,84.0,67.0,2.1,5.7,西北西,8.6,,,7.2,,,
2025,イマリ,1075,アメダス,2025-07-09,9,水,,,1.0,1.0,0.5,28.1,35.3,24.7,,,85.0,52.0,1.9,6.4,西北西,9.9,,,5.8,,,
2025,イマリ,1075,アメダス,2025-07-10,10,木,,,17.0,16.5,7.5,27.2,33.2,23.6,,,85.0,59.0,2.0,5.4,北東,12.0,,,7.1,,,temp_max=);temp_mean=);temp_min=);wind_max=);wind_mean=)
2025,イマリ,1075,アメダス,2025-07-11,11,金,,,5.5,5.5,2.5,27.5,32.6,25.4,,,88.0,63.0,2.1,5.7,西北西,8.8,,,5.7,,,
2025,イマリ,1075,アメダス,2025-07-12,12,土,,,1.5,1.5,1.5,26.9,30.5,25.2,,,88.0,74.0,2.4,5.7,西北西,8.6,,,1.6,,,
2025,イマリ,1075,アメダス,2025-07-13,13,日,,,0.0,0.0,0.0,28.3,33.4,24.0,,,80.0,61.0,1.8,5.5,南西,10.6,,,5.9,,,
2025,イマリ,1075,アメダス,2025-07-14,14,月,,,9.0,3.5,3.0,25.3,28.3,22.5,,,84.0,67.0,2.7,5.9,北西,11.3,,,5.2,,,
2025,イマリ,1075,アメダス,2025-07-15,15,火,,,6.5,6.0,3.5,25.8,30.0,22.3,,,79.0,57.0,2.1,5.7,南西,10.8,,,5.0,,,
2025,イマリ,1075,アメダス,2025-07-16,16,水,,,0.0,0.0,0.0,28.0,32.7,23.7,,,71.0,35.0,2.0,4.3,南西,10.8,,,8.3,,,
2025,イマリ,1075,アメダス,2025-07-17,17,木,,,3.5,3.5,3.5,29.6,34.6,26.2,,,70.0,42.0,2.2,4.6,南南西,9.2,,,9.0,,,
2025,イマリ,1075,アメダス,2025-07-18,18,金,,,76.5,15.0,5.0,25.2,26.6,24.1,,,94.0,86.0,1.8,4.7,東南東,9.9,,,0.0,,,
2025,イマリ,1075,アメダス,2025-07-19,19,土,,,0.0,0.0,0.0,27.1,31.0,24.0,,,82.0,67.0,1.9,5.4,東南東,8.5,,,1.1,,,
2025,イマリ,1075,アメダス,2025-07-20,20,日,,,0.0,0.0,0.0,28.4,34.4,23.7,,,76.0,48.0,1.6,4.4,西北西,6.8,,,8.0,,,
2025,イマリ,1075,アメダス,2025-07-21,21,月,,,0.0,0.0,0.0,28.7,34.6,24.5,,,74.0,51.0,2.1,5.4,西北西,7.4,,,11.2,,,
2025,イマリ,1075,アメダス,2025-07-22,22,火,,,0.0,0.0,0.0,28.4,32.8,24.2,,,75.0,57.0,2.1,6.4,西北西,8.7,,,10.8,,,
2025,イマリ,1075,アメダス,2025-07-23,23,水,,,0.0,0.0,0.0,28.7,33.4,24.2,,,77.0,59.0,2.1,6.2,西北西,9.0,,,12.7,,,
2025,イマリ,1075,アメダス,2025-07-24,24,木,,,0.0,0.0,0.0,29.7,35.1,24.2,,,70.0,50.0,1.9,4.6,西北西,6.6,,,11.0,,,
2025,イマリ,1075,アメダス,2025-07-25,25,金,,,0.0,0.0,0.0,30.6,36.7,24.7,,,64.0,43.0,2.6,5.6,東南東,10.0,,,12.8,,,
2025,イマリ,1075,アメダス,2025-07-26,26,土,,,0.0,0.0,0.0,30.5,35.7,24.9,,,63.0,45.0,2.7,6.7,東南東,12.1,,,9.0,,,
2025,イマリ,1075,アメダス,2025-07-27,27,日,,,0.0,0.0,0.0,30.5,36.8,24.8,,,60.0,43.0,3.1,7.2,東南東,13.4,,,11.1,,,
2025,イマリ,1075,アメダス,2025-07-28,28,月,,,0.0,0.0,0.0,29.6,36.5,23.5,,,64.0,42.0,2.1,5.5,西北西,7.5,,,13.0,,,
2025,イマリ,1075,アメダス,2025-07-29,29,火,,,0.0,0.0,0.0,28.5,34.3,22.9,,,66.0,46.0,2.0,5.4,西北西,8.3,,,12.8,,,
2025,イマリ,1075,アメダス,2025-07-30,30,水,,,0.0,0.0,0.0,28.4,36.2,23.1,,,70.0,22.0,2.0,5.5,西北西,9.0,,,12.8,,,
2025,イマリ,1075,アメダス,2025-07-31,31,木,,,0.0,0.0,0.0,28.5,35.4,22.2,,,68.0,38.0,2.3,6.5,西北西,9.1,,,12.8,,,
2025,ウレシノ,0830,アメダス,2025-07-01,1,火,,,0.0,0.0,0.0,28.7,34.1,24.2,,,77.0,53.0,1.5,3.5,西北西,6.3,,,12.7,,,
2025,ウレシノ,0830,アメダス,2025-07-02,2,水,,,0.0,0.0,0.0,28.5,35.0,23.4,,,77.0,49.0,1.4,3.6,北北西,6.1,,,12.5,,,
2025,ウレシノ,0830,アメダス,2025-07-03,3,木,,,0.0,0.0,0.0,28.9,35.5,23.5,,,73.0,50.0,1.4,3.5,北西,6.0,,,11.5,,,
2025,ウレシノ,0830,アメダス,2025-07-04,4,金,,,0.0,0.0,0.0,28.6,33.7,24.3,,,77.0,56.0,1.3,3.3,西北西,6.7,,,9.1,,,
2025,ウレシノ,0830,アメダス,2025-07-05,5,土,,,0.0,0.0,0.0,28.5,34.8,23.6,,,77.0,50.0,1.6,3.7,南南東,7.3,,,11.9,,,
2025,ウレシノ,0830,アメダス,2025-07-06,6,日,,,0.0,0.0,0.0,28.8,34.2,26.0,,,73.0,52.0,1.8,4.0,西北西,6.9,,,10.2,,,
2025,ウレシノ,0830,アメダス,2025-07-07,7,月,,,0.0,0.0,0.0,28.3,35.3,23.2,,,79.0,52.0,1.6,4.2,北北西,7.5,,,9.7,,,
2025,ウレシノ,0830,アメダス,2025-07-08,8,火,,,13.5,13.5,6.5,28.3,36.3,23.8,,,81.0,45.0,1.5,4.9,北北西,7.2,,,10.2,,,
2025,ウレシノ,0830,アメダス,2025-07-09,9,水,,,2.5,2.5,2.5,27.6,36.3,23.3,,,84.0,44.0,1.4,5.5,北北西,9.1,,,6.9,,,
2025,ウレシノ,0830,アメダス,2025-07-10,10,木,,,0.0,0.0,0.0,27.4,34.8,22.8,,,83.0,49.0,1.7,5.7,北北西,8.2,,,6.7,,,
2025,ウレシノ,0830,アメダス,2025-07-11,11,金,,,0.5,0.5,0.5,27.8,34.6,24.8,,,84.0,53.0,1.8,5.0,北北西,8.0,,,3.5,,,
2025,ウレシノ,0830,アメダス,2025-07-12,12,土,,,0.0,0.0,0.0,27.8,35.1,23.8,,,82.0,54.0,1.8,5.0,北北西,10.6,,,4.8,,,
2025,ウレシノ,0830,アメダス,2025-07-13,13,日,,,0.0,0.0,0.0,28.0,34.2,23.3,,,80.0,56.0,1.6,5.1,南南東,9.7,,,5.0,,,
2025,ウレシノ,0830,アメダス,2025-07-14,14,月,,,4.5,1.5,1.0,24.8,28.1,21.7,,,87.0,66.0,1.8,5.0,北北西,7.7,,,5.1,,,
2025,ウレシノ,0830,アメダス,2025-07-15,15,火,,,0.0,0.0,0.0,25.8,30.1,21.1,,,77.0,53.0,1.9,5.5,南南東,10.1,,,7.8,,,
2025,ウレシノ,0830,アメダス,2025-07-16,16,水,,,0.0,0.0,0.0,27.5,33.0,22.3,,,73.0,47.0,1.9,4.1,南南東,8.5,,,9.4,,,
2025,ウレシノ,0830,アメダス,2025-07-17,17,木,,,6.0,6.0,5.5,29.2,35.9,23.6,,,71.0,44.0,1.7,5.5,南南東,9.3,,,8.9,,,
2025,ウレシノ,0830,アメダス,2025-07-18,18,金,,,41.0,7.5,3.0,24.7,25.7,23.5,,,97.0,89.0,1.0,3.0,南南東,7.0,,,0.0,,,
2025,ウレシノ,0830,アメダス,2025-07-19,19,土,,,0.5,0.5,0.5,26.1,32.6,22.4,,,89.0,62.0,1.3,3.7,北北西,6.5,,,3.0,,,
2025,ウレシノ,0830,アメダス,2025-07-20,20,日,,,0.0,0.0,0.0,28.0,35.1,22.5,,,77.0,49.0,1.3,4.6,南南東,8.2,,,7.4,,,
2025,ウレシノ,0830,アメダス,2025-07-21,21,月,,,0.0,0.0,0.0,28.4,34.7,23.8,,,76.0,51.0,1.5,4.6,北北西,8.4,,,9.4,,,
2025,ウレシノ,0830,アメダス,2025-07-22,22,火,,,0.0,0.0,0.0,28.8,36.4,23.4,,,74.0,39.0,1.3,4.2,北北西,7.9,,,10.9,,,
2025,ウレシノ,0830,アメダス,2025-07-23,23,水,,,0.0,0.0,0.0,29.0,36.1,23.2,,,74.0,32.0,1.2,3.9,北北西,5.5,,,12.6,,,
2025,ウレシノ,0830,アメダス,2025-07-24,24,木,,,0.0,0.0,0.0,30.0,37.4,23.2,,,67.0,45.0,1.8,4.4,南東,9.2,,,12.8,,,
2025,ウレシノ,0830,アメダス,2025-07-25,25,金,,,0.0,0.0,0.0,30.1,36.6,23.6,,,65.0,43.0,2.4,6.3,南東,12.8,,,12.9,,,
2025,ウレシノ,0830,アメダス,2025-07-26,26,土,,,0.0,0.0,0.0,29.6,34.6,24.2,,,66.0,48.0,2.9,6.9,東南東,14.7,,,6.9,,,
2025,ウレシノ,0830,アメダス,2025-07-27,27,日,,,0.0,0.0,0.0,30.0,35.8,24.2,,,62.0,44.0,3.1,7.6,南東,13.9,,,12.3,,,
2025,ウレシノ,0830,アメダス,2025-07-28,28,月,,,0.0,0.0,0.0,29.5,37.3,22.0,,,62.0,39.0,1.9,5.4,南東,9.8,,,12.8,,,
2025,ウレシノ,0830,アメダス,2025-07-29,29,火,,,0.0,0.0,0.0,28.5,37.0,21.3,,,66.0,35.0,1.2,3.8,北北西,5.8,,,12.8,,,
2025,ウレシノ,0830,アメダス,2025-07-30,30,水,,,0.0,0.0,0.0,28.7,36.6,22.8,,,66.0,24.0,1.3,3.9,北北西,7.1,,,12.9,,,
2025,ウレシノ,0830,アメダス,2025-07-31,31,木,,,0.0,0.0,0.0,28.5,37.1,21.9,,,68.0,30.0,1.5,6.0,北北西,8.9,,,12.6,,,
